image_id,split,true_label,true_label_name,convnext_pred,convnext_conf,convnext_prob_normal,convnext_prob_hemorrhage,custom_pred,custom_conf,custom_prob_normal,custom_prob_hemorrhage
157,train,0,Normal,Normal,0.993500,0.993500,0.006500,Normal,0.686400,0.686400,0.313600
184,train,0,Normal,Normal,0.974800,0.974800,0.025200,Normal,0.878600,0.878600,0.121400
142,train,0,Normal,Normal,0.969000,0.969000,0.031000,Normal,0.873800,0.873800,0.126200
105,train,0,Normal,Normal,0.987900,0.987900,0.012100,Normal,0.967800,0.967800,0.032200
165,train,0,Normal,Normal,0.974900,0.974900,0.025100,Normal,0.987400,0.987400,0.012600
69,train,1,Hemorrhage,Hemorrhage,0.935100,0.064900,0.935100,Normal,0.508200,0.508200,0.491800
169,train,0,Normal,Normal,0.907600,0.907600,0.092400,Normal,0.989800,0.989800,0.010200
196,train,0,Normal,Normal,0.969800,0.969800,0.030200,Normal,0.837900,0.837900,0.162100
147,train,0,Normal,Normal,0.960800,0.960800,0.039200,Normal,0.939700,0.939700,0.060300
175,train,0,Normal,Normal,0.900500,0.900500,0.099500,Normal,0.967000,0.967000,0.033000
37,train,1,Hemorrhage,Hemorrhage,0.975000,0.025000,0.975000,Hemorrhage,0.927300,0.072700,0.927300
83,train,1,Hemorrhage,Hemorrhage,0.883500,0.116500,0.883500,Hemorrhage,0.892300,0.107700,0.892300
21,train,1,Hemorrhage,Hemorrhage,0.956500,0.043500,0.956500,Normal,0.827800,0.827800,0.172200
22,train,1,Hemorrhage,Hemorrhage,0.984400,0.015600,0.984400,Hemorrhage,0.963000,0.037000,0.963000
138,train,0,Normal,Normal,0.950400,0.950400,0.049600,Normal,0.802900,0.802900,0.197100
42,train,1,Hemorrhage,Hemorrhage,0.941400,0.058600,0.941400,Hemorrhage,0.557700,0.442300,0.557700
176,train,0,Normal,Normal,0.917900,0.917900,0.082100,Normal,0.988400,0.988400,0.011600
110,train,0,Normal,Normal,0.972100,0.972100,0.027900,Normal,0.766000,0.766000,0.234000
108,train,0,Normal,Normal,0.947800,0.947800,0.052200,Normal,0.827700,0.827700,0.172300
28,train,1,Hemorrhage,Hemorrhage,0.924500,0.075500,0.924500,Hemorrhage,0.752900,0.247100,0.752900
111,train,0,Normal,Normal,0.982600,0.982600,0.017400,Normal,0.902300,0.902300,0.097700
137,train,0,Normal,Normal,0.919100,0.919100,0.080900,Normal,0.913400,0.913400,0.086600
155,train,0,Normal,Normal,0.989600,0.989600,0.010400,Normal,0.900200,0.900200,0.099800
178,train,0,Normal,Normal,0.982100,0.982100,0.017900,Normal,0.651200,0.651200,0.348800
145,train,0,Normal,Normal,0.981400,0.981400,0.018600,Normal,0.930500,0.930500,0.069500
48,train,1,Hemorrhage,Hemorrhage,0.870700,0.129300,0.870700,Hemorrhage,0.604700,0.395300,0.604700
51,train,1,Hemorrhage,Hemorrhage,0.861800,0.138200,0.861800,Hemorrhage,0.914500,0.085500,0.914500
122,train,0,Normal,Normal,0.981100,0.981100,0.018900,Normal,0.632700,0.632700,0.367300
103,train,0,Normal,Normal,0.987000,0.987000,0.013000,Normal,0.861200,0.861200,0.138800
132,train,0,Normal,Normal,0.972500,0.972500,0.027500,Normal,0.684300,0.684300,0.315700
73,train,1,Hemorrhage,Hemorrhage,0.982800,0.017200,0.982800,Hemorrhage,0.970400,0.029600,0.970400
107,train,0,Normal,Normal,0.900800,0.900800,0.099200,Normal,0.596900,0.596900,0.403100
183,train,0,Normal,Normal,0.981500,0.981500,0.018500,Normal,0.851500,0.851500,0.148500
74,train,1,Hemorrhage,Hemorrhage,0.845500,0.154500,0.845500,Normal,0.534800,0.534800,0.465200
143,train,0,Normal,Normal,0.964000,0.964000,0.036000,Normal,0.962600,0.962600,0.037400
94,train,1,Hemorrhage,Hemorrhage,0.936800,0.063200,0.936800,Hemorrhage,0.781200,0.218800,0.781200
12,train,1,Hemorrhage,Hemorrhage,0.983700,0.016300,0.983700,Hemorrhage,0.971900,0.028100,0.971900
64,train,1,Hemorrhage,Hemorrhage,0.962100,0.037900,0.962100,Hemorrhage,0.914300,0.085700,0.914300
59,train,1,Hemorrhage,Hemorrhage,0.928700,0.071300,0.928700,Normal,0.849500,0.849500,0.150500
15,train,1,Hemorrhage,Hemorrhage,0.969100,0.030900,0.969100,Hemorrhage,0.636800,0.363200,0.636800
75,train,1,Hemorrhage,Hemorrhage,0.903700,0.096300,0.903700,Hemorrhage,0.976500,0.023500,0.976500
98,train,1,Hemorrhage,Hemorrhage,0.925100,0.074900,0.925100,Hemorrhage,0.981100,0.018900,0.981100
46,train,1,Hemorrhage,Hemorrhage,0.862000,0.138000,0.862000,Normal,0.603200,0.603200,0.396800
109,train,0,Normal,Normal,0.968900,0.968900,0.031100,Normal,0.821800,0.821800,0.178200
167,train,0,Normal,Normal,0.978800,0.978800,0.021200,Normal,0.928900,0.928900,0.071100
199,train,0,Normal,Normal,0.961700,0.961700,0.038300,Normal,0.975100,0.975100,0.024900
19,train,1,Hemorrhage,Hemorrhage,0.803600,0.196400,0.803600,Hemorrhage,0.524100,0.475900,0.524100
129,train,0,Normal,Normal,0.892500,0.892500,0.107500,Normal,0.850200,0.850200,0.149800
100,train,0,Normal,Normal,0.952900,0.952900,0.047100,Normal,0.936900,0.936900,0.063100
84,train,1,Hemorrhage,Hemorrhage,0.962200,0.037800,0.962200,Hemorrhage,0.986400,0.013600,0.986400
35,train,1,Hemorrhage,Hemorrhage,0.907300,0.092700,0.907300,Hemorrhage,0.999900,0.000100,0.999900
45,train,1,Hemorrhage,Hemorrhage,0.922000,0.078000,0.922000,Normal,0.605400,0.605400,0.394600
3,train,1,Hemorrhage,Hemorrhage,0.930000,0.070000,0.930000,Normal,0.730200,0.730200,0.269800
173,train,0,Normal,Normal,0.961300,0.961300,0.038700,Normal,0.986800,0.986800,0.013200
93,train,1,Hemorrhage,Hemorrhage,0.943300,0.056700,0.943300,Normal,0.695800,0.695800,0.304200
166,train,0,Normal,Normal,0.957500,0.957500,0.042500,Normal,0.993200,0.993200,0.006800
112,train,0,Normal,Normal,0.972200,0.972200,0.027800,Hemorrhage,0.630100,0.369900,0.630100
31,train,1,Hemorrhage,Hemorrhage,0.903200,0.096800,0.903200,Hemorrhage,0.954700,0.045300,0.954700
179,train,0,Normal,Normal,0.971200,0.971200,0.028800,Normal,0.895300,0.895300,0.104700
116,train,0,Normal,Normal,0.979600,0.979600,0.020400,Normal,0.670300,0.670300,0.329700
158,train,0,Normal,Normal,0.881400,0.881400,0.118600,Hemorrhage,0.585700,0.414300,0.585700
181,train,0,Normal,Normal,0.983300,0.983300,0.016700,Normal,0.860200,0.860200,0.139800
101,train,0,Normal,Normal,0.928000,0.928000,0.072000,Normal,0.829600,0.829600,0.170400
124,train,0,Normal,Normal,0.955300,0.955300,0.044700,Hemorrhage,0.566700,0.433300,0.566700
148,train,0,Normal,Normal,0.977500,0.977500,0.022500,Normal,0.883800,0.883800,0.116200
150,train,0,Normal,Normal,0.901000,0.901000,0.099000,Normal,0.833500,0.833500,0.166500
77,train,1,Hemorrhage,Hemorrhage,0.964200,0.035800,0.964200,Hemorrhage,0.745900,0.254100,0.745900
5,train,1,Hemorrhage,Hemorrhage,0.964800,0.035200,0.964800,Hemorrhage,0.935500,0.064500,0.935500
9,train,1,Hemorrhage,Hemorrhage,0.940400,0.059600,0.940400,Hemorrhage,0.949500,0.050500,0.949500
119,train,0,Normal,Normal,0.980500,0.980500,0.019500,Normal,0.793500,0.793500,0.206500
115,train,0,Normal,Normal,0.698800,0.698800,0.301200,Hemorrhage,0.532100,0.467900,0.532100
86,train,1,Hemorrhage,Hemorrhage,0.970800,0.029200,0.970800,Hemorrhage,0.604200,0.395800,0.604200
54,train,1,Hemorrhage,Hemorrhage,0.971500,0.028500,0.971500,Hemorrhage,0.980900,0.019100,0.980900
52,train,1,Hemorrhage,Hemorrhage,0.809200,0.190800,0.809200,Hemorrhage,0.585700,0.414300,0.585700
89,train,1,Hemorrhage,Hemorrhage,0.874900,0.125100,0.874900,Hemorrhage,0.770100,0.229900,0.770100
144,train,0,Normal,Normal,0.983800,0.983800,0.016200,Normal,0.915200,0.915200,0.084800
91,train,1,Hemorrhage,Hemorrhage,0.935900,0.064100,0.935900,Normal,0.935500,0.935500,0.064500
125,train,0,Normal,Normal,0.964600,0.964600,0.035400,Normal,0.695300,0.695300,0.304700
55,train,1,Hemorrhage,Hemorrhage,0.953400,0.046600,0.953400,Hemorrhage,0.879100,0.120900,0.879100
133,train,0,Normal,Normal,0.955300,0.955300,0.044700,Normal,0.956400,0.956400,0.043600
56,train,1,Hemorrhage,Hemorrhage,0.954900,0.045100,0.954900,Hemorrhage,0.992600,0.007400,0.992600
0,train,1,Hemorrhage,Hemorrhage,0.896900,0.103100,0.896900,Normal,0.541100,0.541100,0.458900
57,train,1,Hemorrhage,Hemorrhage,0.983100,0.016900,0.983100,Hemorrhage,0.839400,0.160600,0.839400
62,train,1,Hemorrhage,Hemorrhage,0.844000,0.156000,0.844000,Hemorrhage,0.997000,0.003000,0.997000
24,train,1,Hemorrhage,Hemorrhage,0.894000,0.106000,0.894000,Hemorrhage,0.752100,0.247900,0.752100
177,train,0,Normal,Normal,0.928500,0.928500,0.071500,Normal,0.869500,0.869500,0.130500
172,train,0,Normal,Normal,0.965000,0.965000,0.035000,Normal,0.990700,0.990700,0.009300
92,train,1,Hemorrhage,Hemorrhage,0.907600,0.092400,0.907600,Normal,0.934300,0.934300,0.065700
76,train,1,Hemorrhage,Hemorrhage,0.902400,0.097600,0.902400,Hemorrhage,0.548000,0.452000,0.548000
198,train,0,Normal,Normal,0.963000,0.963000,0.037000,Normal,0.967300,0.967300,0.032700
195,train,0,Normal,Normal,0.924400,0.924400,0.075600,Hemorrhage,0.501600,0.498400,0.501600
126,train,0,Normal,Normal,0.949900,0.949900,0.050100,Normal,0.685800,0.685800,0.314200
194,train,0,Normal,Normal,0.975200,0.975200,0.024800,Normal,0.949900,0.949900,0.050100
44,train,1,Hemorrhage,Hemorrhage,0.938300,0.061700,0.938300,Hemorrhage,0.814300,0.185700,0.814300
14,train,1,Hemorrhage,Hemorrhage,0.963000,0.037000,0.963000,Hemorrhage,0.929800,0.070200,0.929800
168,train,0,Normal,Normal,0.971200,0.971200,0.028800,Normal,0.989500,0.989500,0.010500
161,train,0,Normal,Normal,0.969200,0.969200,0.030800,Normal,0.698000,0.698000,0.302000
79,train,1,Hemorrhage,Hemorrhage,0.953800,0.046200,0.953800,Hemorrhage,0.929600,0.070400,0.929600
99,train,1,Hemorrhage,Hemorrhage,0.965800,0.034200,0.965800,Normal,0.630100,0.630100,0.369900
117,train,0,Normal,Normal,0.967900,0.967900,0.032100,Normal,0.726600,0.726600,0.273400
2,train,1,Hemorrhage,Hemorrhage,0.848600,0.151400,0.848600,Normal,0.880100,0.880100,0.119900
164,train,0,Normal,Normal,0.942500,0.942500,0.057500,Normal,0.995400,0.995400,0.004600
149,train,0,Normal,Normal,0.953500,0.953500,0.046500,Normal,0.979300,0.979300,0.020700
50,train,1,Hemorrhage,Hemorrhage,0.904200,0.095800,0.904200,Hemorrhage,0.770400,0.229600,0.770400
136,train,0,Normal,Normal,0.874000,0.874000,0.126000,Normal,0.947900,0.947900,0.052100
170,train,0,Normal,Normal,0.970400,0.970400,0.029600,Normal,0.990900,0.990900,0.009100
29,train,1,Hemorrhage,Hemorrhage,0.938100,0.061900,0.938100,Normal,0.938100,0.938100,0.061900
68,train,1,Hemorrhage,Hemorrhage,0.988800,0.011200,0.988800,Normal,0.538200,0.538200,0.461800
58,train,1,Hemorrhage,Hemorrhage,0.972800,0.027200,0.972800,Hemorrhage,0.936600,0.063400,0.936600
78,train,1,Hemorrhage,Hemorrhage,0.863700,0.136300,0.863700,Normal,0.610200,0.610200,0.389800
146,train,0,Normal,Normal,0.962200,0.962200,0.037800,Normal,0.891300,0.891300,0.108700
18,train,1,Hemorrhage,Hemorrhage,0.893400,0.106600,0.893400,Hemorrhage,0.517300,0.482700,0.517300
13,train,1,Hemorrhage,Hemorrhage,0.916100,0.083900,0.916100,Hemorrhage,0.860300,0.139700,0.860300
88,train,1,Hemorrhage,Hemorrhage,0.914900,0.085100,0.914900,Hemorrhage,0.930000,0.070000,0.930000
38,train,1,Hemorrhage,Hemorrhage,0.892300,0.107700,0.892300,Hemorrhage,0.923100,0.076900,0.923100
65,train,1,Hemorrhage,Hemorrhage,0.915700,0.084300,0.915700,Hemorrhage,0.875300,0.124700,0.875300
41,train,1,Hemorrhage,Hemorrhage,0.596400,0.403600,0.596400,Normal,0.720200,0.720200,0.279800
127,train,0,Normal,Normal,0.964800,0.964800,0.035200,Normal,0.764100,0.764100,0.235900
60,train,1,Hemorrhage,Hemorrhage,0.980900,0.019100,0.980900,Hemorrhage,0.552400,0.447600,0.552400
10,train,1,Hemorrhage,Hemorrhage,0.880600,0.119400,0.880600,Hemorrhage,0.994000,0.006000,0.994000
20,train,1,Hemorrhage,Hemorrhage,0.939100,0.060900,0.939100,Hemorrhage,0.658100,0.341900,0.658100
70,train,1,Hemorrhage,Hemorrhage,0.883700,0.116300,0.883700,Normal,0.845200,0.845200,0.154800
128,train,0,Normal,Normal,0.984200,0.984200,0.015800,Normal,0.844400,0.844400,0.155600
153,train,0,Normal,Normal,0.973500,0.973500,0.026500,Hemorrhage,0.535700,0.464300,0.535700
180,train,0,Normal,Normal,0.978300,0.978300,0.021700,Normal,0.844800,0.844800,0.155200
131,train,0,Normal,Normal,0.989000,0.989000,0.011000,Normal,0.821400,0.821400,0.178600
188,train,0,Normal,Normal,0.843100,0.843100,0.156900,Normal,0.704600,0.704600,0.295400
49,train,1,Hemorrhage,Hemorrhage,0.894000,0.106000,0.894000,Normal,0.853800,0.853800,0.146200
90,train,1,Hemorrhage,Hemorrhage,0.746100,0.253900,0.746100,Hemorrhage,0.653300,0.346700,0.653300
61,train,1,Hemorrhage,Hemorrhage,0.935400,0.064600,0.935400,Hemorrhage,0.981100,0.018900,0.981100
81,train,1,Hemorrhage,Hemorrhage,0.958100,0.041900,0.958100,Hemorrhage,0.999600,0.000400,0.999600
36,train,1,Hemorrhage,Hemorrhage,0.971000,0.029000,0.971000,Hemorrhage,0.939700,0.060300,0.939700
141,train,0,Normal,Normal,0.969300,0.969300,0.030700,Normal,0.908200,0.908200,0.091800
135,train,0,Normal,Normal,0.585400,0.585400,0.414600,Normal,0.980000,0.980000,0.020000
139,train,0,Normal,Normal,0.980700,0.980700,0.019300,Normal,0.824100,0.824100,0.175900
17,train,1,Hemorrhage,Hemorrhage,0.877000,0.123000,0.877000,Hemorrhage,0.952600,0.047400,0.952600
130,train,0,Normal,Normal,0.976300,0.976300,0.023700,Normal,0.732900,0.732900,0.267100
53,train,1,Hemorrhage,Normal,0.533000,0.533000,0.467000,Normal,0.652400,0.652400,0.347600
26,train,1,Hemorrhage,Hemorrhage,0.985700,0.014300,0.985700,Hemorrhage,0.983700,0.016300,0.983700
106,val,0,Normal,Normal,0.645200,0.645200,0.354800,Hemorrhage,0.609300,0.390700,0.609300
43,val,1,Hemorrhage,Hemorrhage,0.848200,0.151800,0.848200,Hemorrhage,0.727300,0.272700,0.727300
96,val,1,Hemorrhage,Hemorrhage,0.966500,0.033500,0.966500,Hemorrhage,0.744700,0.255300,0.744700
154,val,0,Normal,Normal,0.940100,0.940100,0.059900,Normal,0.665100,0.665100,0.334900
197,val,0,Normal,Normal,0.895500,0.895500,0.104500,Normal,0.709300,0.709300,0.290700
118,val,0,Normal,Normal,0.972400,0.972400,0.027600,Normal,0.625900,0.625900,0.374100
163,val,0,Normal,Hemorrhage,0.510900,0.489100,0.510900,Normal,0.988100,0.988100,0.011900
1,val,1,Hemorrhage,Hemorrhage,0.746500,0.253500,0.746500,Hemorrhage,0.919900,0.080100,0.919900
82,val,1,Hemorrhage,Hemorrhage,0.956400,0.043600,0.956400,Hemorrhage,0.997700,0.002300,0.997700
23,val,1,Hemorrhage,Normal,0.533100,0.533100,0.466900,Hemorrhage,0.636000,0.364000,0.636000
67,val,1,Hemorrhage,Hemorrhage,0.911200,0.088800,0.911200,Hemorrhage,0.830200,0.169800,0.830200
30,val,1,Hemorrhage,Hemorrhage,0.984800,0.015200,0.984800,Hemorrhage,0.982400,0.017600,0.982400
16,val,1,Hemorrhage,Hemorrhage,0.984200,0.015800,0.984200,Hemorrhage,0.992200,0.007800,0.992200
63,val,1,Hemorrhage,Hemorrhage,0.946600,0.053400,0.946600,Hemorrhage,0.948000,0.052000,0.948000
162,val,0,Normal,Hemorrhage,0.713400,0.286600,0.713400,Hemorrhage,0.618500,0.381500,0.618500
140,val,0,Normal,Normal,0.819000,0.819000,0.181000,Normal,0.738900,0.738900,0.261100
156,val,0,Normal,Normal,0.994300,0.994300,0.005700,Normal,0.519500,0.519500,0.480500
104,val,0,Normal,Normal,0.966400,0.966400,0.033600,Normal,0.914100,0.914100,0.085900
25,val,1,Hemorrhage,Hemorrhage,0.932800,0.067200,0.932800,Hemorrhage,0.558200,0.441800,0.558200
190,val,0,Normal,Normal,0.732700,0.732700,0.267300,Normal,0.768500,0.768500,0.231500
159,val,0,Normal,Normal,0.934000,0.934000,0.066000,Hemorrhage,0.556100,0.443900,0.556100
66,val,1,Hemorrhage,Hemorrhage,0.864100,0.135900,0.864100,Hemorrhage,0.991600,0.008400,0.991600
134,val,0,Normal,Normal,0.796900,0.796900,0.203100,Normal,0.956400,0.956400,0.043600
113,val,0,Normal,Normal,0.668100,0.668100,0.331900,Normal,0.844800,0.844800,0.155200
39,val,1,Hemorrhage,Hemorrhage,0.615600,0.384400,0.615600,Hemorrhage,0.994700,0.005300,0.994700
87,val,1,Hemorrhage,Hemorrhage,0.848800,0.151200,0.848800,Hemorrhage,0.858400,0.141600,0.858400
185,val,0,Normal,Normal,0.958900,0.958900,0.041100,Normal,0.930500,0.930500,0.069500
85,val,1,Hemorrhage,Hemorrhage,0.923000,0.077000,0.923000,Normal,0.524600,0.524600,0.475400
193,val,0,Normal,Normal,0.974300,0.974300,0.025700,Normal,0.969500,0.969500,0.030500
8,val,1,Hemorrhage,Hemorrhage,0.647100,0.352900,0.647100,Hemorrhage,0.935400,0.064600,0.935400
189,val,0,Normal,Normal,0.843100,0.843100,0.156900,Normal,0.704600,0.704600,0.295400
182,test,0,Normal,Normal,0.970900,0.970900,0.029100,Normal,0.943100,0.943100,0.056900
33,test,1,Hemorrhage,Hemorrhage,0.970900,0.029100,0.970900,Hemorrhage,0.998700,0.001300,0.998700
102,test,0,Normal,Normal,0.670700,0.670700,0.329300,Hemorrhage,0.748000,0.252000,0.748000
34,test,1,Hemorrhage,Hemorrhage,0.982000,0.018000,0.982000,Hemorrhage,0.993400,0.006600,0.993400
7,test,1,Hemorrhage,Hemorrhage,0.961200,0.038800,0.961200,Hemorrhage,0.825600,0.174400,0.825600
174,test,0,Normal,Normal,0.954000,0.954000,0.046000,Normal,0.991000,0.991000,0.009000
40,test,1,Hemorrhage,Normal,0.512500,0.512500,0.487500,Hemorrhage,0.968700,0.031300,0.968700
6,test,1,Hemorrhage,Hemorrhage,0.712600,0.287400,0.712600,Normal,0.868500,0.868500,0.131500
32,test,1,Hemorrhage,Hemorrhage,0.895100,0.104900,0.895100,Hemorrhage,0.594800,0.405200,0.594800
97,test,1,Hemorrhage,Hemorrhage,0.895700,0.104300,0.895700,Hemorrhage,0.864900,0.135100,0.864900
187,test,0,Normal,Normal,0.979200,0.979200,0.020800,Normal,0.908400,0.908400,0.091600
160,test,0,Normal,Normal,0.981300,0.981300,0.018700,Normal,0.771300,0.771300,0.228700
27,test,1,Hemorrhage,Hemorrhage,0.953400,0.046600,0.953400,Hemorrhage,0.608800,0.391200,0.608800
191,test,0,Normal,Normal,0.763000,0.763000,0.237000,Normal,0.817600,0.817600,0.182400
120,test,0,Normal,Normal,0.960500,0.960500,0.039500,Normal,0.709100,0.709100,0.290900
80,test,1,Hemorrhage,Hemorrhage,0.815500,0.184500,0.815500,Normal,0.578600,0.578600,0.421400
95,test,1,Hemorrhage,Hemorrhage,0.986400,0.013600,0.986400,Hemorrhage,0.949700,0.050300,0.949700
72,test,1,Hemorrhage,Hemorrhage,0.942200,0.057800,0.942200,Hemorrhage,0.684700,0.315300,0.684700
121,test,0,Normal,Normal,0.979100,0.979100,0.020900,Normal,0.561500,0.561500,0.438500
151,test,0,Normal,Normal,0.517600,0.517600,0.482400,Normal,0.666200,0.666200,0.333800
11,test,1,Hemorrhage,Hemorrhage,0.937100,0.062900,0.937100,Hemorrhage,0.970300,0.029700,0.970300
171,test,0,Normal,Normal,0.940000,0.940000,0.060000,Normal,0.937300,0.937300,0.062700
4,test,1,Hemorrhage,Hemorrhage,0.985800,0.014200,0.985800,Hemorrhage,0.892700,0.107300,0.892700
47,test,1,Hemorrhage,Hemorrhage,0.963400,0.036600,0.963400,Hemorrhage,0.707500,0.292500,0.707500
192,test,0,Normal,Normal,0.978700,0.978700,0.021300,Normal,0.889600,0.889600,0.110400
186,test,0,Normal,Normal,0.973400,0.973400,0.026600,Normal,0.659400,0.659400,0.340600
152,test,0,Normal,Normal,0.914300,0.914300,0.085700,Normal,0.816700,0.816700,0.183300
71,test,1,Hemorrhage,Hemorrhage,0.997000,0.003000,0.997000,Hemorrhage,0.897500,0.102500,0.897500
114,test,0,Normal,Normal,0.897500,0.897500,0.102500,Hemorrhage,0.922100,0.077900,0.922100
123,test,0,Normal,Normal,0.971000,0.971000,0.029000,Normal,0.745600,0.745600,0.254400
